School,NCAA_Result
Abilene Christian,0
Air Force,0
Akron NCAA,1
Alabama NCAA,3
Alabama A&M,0
Alabama State,0
Albany (NY),0
Alcorn State,0
American,0
Appalachian State,0
Arizona NCAA,5
Arizona State,0
Arkansas NCAA,3
Arkansas State,0
Arkansas-Pine Bluff,0
Army,0
Auburn,0
Austin Peay,0
Ball State,0
Baylor,0
Bellarmine,0
Belmont,0
Bethune-Cookman,0
Binghamton,0
Boise State,0
Boston College,0
Boston University,0
Bowling Green,0
Bradley,0
Brigham Young NCAA,1
Brown,0
Bryant,0
Bucknell,0
Buffalo,0
Butler,0
Cal Poly,0
Cal State Bakersfield,0
Cal State Fullerton,0
Cal State Northridge,0
California,0
California Baptist NCAA,1
Campbell,0
Canisius,0
Central Arkansas,0
Central Connecticut State,0
Central Michigan,0
Charleston Southern,0
Charlotte,0
Chattanooga,0
Chicago State,0
Cincinnati,0
Clemson NCAA,1
Cleveland State,0
Coastal Carolina,0
Colgate,0
College of Charleston,0
Colorado,0
Colorado State,0
Columbia,0
Connecticut NCAA,6
Coppin State,0
Cornell,0
Creighton,0
Dartmouth,0
Davidson,0
Dayton,0
Delaware,0
Delaware State,0
Denver,0
DePaul,0
Detroit Mercy,0
Drake,0
Drexel,0
Duke NCAA,4
Duquesne,0
East Carolina,0
East Tennessee State,0
East Texas A&M,0
Eastern Illinois,0
Eastern Kentucky,0
Eastern Michigan,0
Eastern Washington,0
Elon,0
Evansville,0
Fairfield,0
FDU,0
Florida NCAA,2
Florida A&M,0
Florida Atlantic,0
Florida Gulf Coast,0
Florida International,0
Florida State,0
Fordham,0
Fresno State,0
Furman NCAA,1
Gardner-Webb,0
George Mason,0
George Washington,0
Georgetown,0
Georgia NCAA,1
Georgia Southern,0
Georgia State,0
Georgia Tech,0
Gonzaga NCAA,2
Grambling,0
Grand Canyon,0
Green Bay,0
Hampton,0
Harvard,0
Hawaii NCAA,1
High Point NCAA,2
Hofstra NCAA,1
Holy Cross,0
Houston NCAA,3
Houston Christian,0
Howard NCAA,1
Idaho NCAA,1
Idaho State,0
Illinois NCAA,5
Illinois State,0
Illinois-Chicago,0
Incarnate Word,0
Indiana,0
Indiana State,0
Iona,0
Iowa NCAA,4
Iowa State NCAA,3
IU Indy,0
Jackson State,0
Jacksonville,0
Jacksonville State,0
James Madison,0
Kansas NCAA,2
Kansas City,0
Kansas State,0
Kennesaw State NCAA,1
Kent State,0
Kentucky NCAA,2
La Salle,0
Lafayette,0
Lamar,0
Le Moyne,0
Lehigh NCAA,0
Liberty,0
Lindenwood,0
Lipscomb,0
Little Rock,0
Long Beach State,0
Long Island University NCAA,1
Longwood,0
Louisiana,0
Louisiana State,0
Louisiana Tech,0
Louisiana-Monroe,0
Louisville NCAA,2
Loyola (IL),0
Loyola (MD),0
Loyola Marymount,0
Maine,0
Manhattan,0
Marist,0
Marquette,0
Marshall,0
Maryland,0
Maryland-Baltimore County NCAA,0
Maryland-Eastern Shore,0
Massachusetts,0
Massachusetts-Lowell,0
McNeese NCAA,1
Memphis,0
Mercer,0
Mercyhurst,0
Merrimack,0
Miami (FL) NCAA,2
Miami (OH) NCAA,1
Michigan NCAA,7
Michigan State NCAA,3
Middle Tennessee,0
Milwaukee,0
Minnesota,0
Mississippi,0
Mississippi State,0
Mississippi Valley State,0
Missouri NCAA,1
Missouri State,0
Monmouth,0
Montana,0
Montana State,0
Morehead State,0
Morgan State,0
Mount St. Mary's,0
Murray State,0
Navy,0
NC State NCAA,0
Nebraska NCAA,3
Nevada,0
Nevada-Las Vegas,0
New Hampshire,0
New Haven,0
New Mexico,0
New Mexico State,0
New Orleans,0
Niagara,0
Nicholls State,0
NJIT,0
Norfolk State,0
North Alabama,0
North Carolina NCAA,1
North Carolina A&T,0
North Carolina Central,0
North Dakota,0
North Dakota State NCAA,1
North Florida,0
North Texas,0
Northeastern,0
Northern Arizona,0
Northern Colorado,0
Northern Illinois,0
Northern Iowa NCAA,1
Northern Kentucky,0
Northwestern,0
Northwestern State,0
Notre Dame,0
Oakland,0
Ohio,0
Ohio State NCAA,1
Oklahoma,0
Oklahoma State,0
Old Dominion,0
Omaha,0
Oral Roberts,0
Oregon,0
Oregon State,0
Pacific,0
Penn State,0
Pennsylvania NCAA,1
Pepperdine,0
Pittsburgh,0
Portland,0
Portland State,0
Prairie View A&M NCAA,1
Presbyterian,0
Princeton,0
Providence,0
Purdue NCAA,4
Purdue Fort Wayne,0
Queens (NC) NCAA,1
Quinnipiac,0
Radford,0
Rhode Island,0
Rice,0
Richmond,0
Rider,0
Robert Morris,0
Rutgers,0
Sacramento State,0
Sacred Heart,0
Saint Francis (PA),0
Saint Joseph's,0
Saint Louis NCAA,2
Saint Mary's NCAA,1
Saint Peter's,0
Sam Houston,0
Samford,0
San Diego,0
San Diego State,0
San Francisco,0
San Jose State,0
Santa Clara NCAA,1
Seattle,0
Seton Hall,0
Siena NCAA,1
South Alabama,0
South Carolina,0
South Carolina State,0
South Carolina Upstate,0
South Dakota,0
South Dakota State,0
South Florida NCAA,1
Southeast Missouri State,0
Southeastern Louisiana,0
Southern,0
Southern California,0
Southern Illinois,0
SIU Edwardsville,0
Southern Indiana,0
Southern Methodist NCAA,0
Southern Mississippi,0
Southern Utah,0
St. Bonaventure,0
St. John's (NY) NCAA,3
St. Thomas,0
Stanford,0
Stephen F. Austin,0
Stetson,0
Stonehill,0
Stony Brook,0
Syracuse,0
Tarleton State,0
Temple,0
Tennessee NCAA,4
Tennessee State NCAA,1
Tennessee Tech,0
Tennessee-Martin,0
Texas NCAA,3
Texas A&M NCAA,2
Texas A&M-Corpus Christi,0
Texas Christian NCAA,2
Texas Southern,0
Texas State,0
Texas Tech NCAA,2
Texas-Rio Grande Valley,0
The Citadel,0
Toledo,0
Towson,0
Troy NCAA,1
Tulane,0
Tulsa,0
UAB,0
UC Davis,0
UC Irvine,0
UC Riverside,0
UC San Diego,0
UC Santa Barbara,0
UCF NCAA,1
UCLA NCAA,2
UNC Asheville,0
UNC Greensboro,0
UNC Wilmington,0
UT Arlington,0
Utah,0
Utah State NCAA,2
Utah Tech,0
Utah Valley,0
UTEP,0
UTSA,0
Valparaiso,0
Vanderbilt NCAA,2
Vermont,0
Villanova NCAA,1
Virginia NCAA,2
Virginia Commonwealth NCAA,2
VMI,0
Virginia Tech,0
Wagner,0
Wake Forest,0
Washington,0
Washington State,0
Weber State,0
West Georgia,0
West Virginia,0
Western Carolina,0
Western Illinois,0
Western Kentucky,0
Western Michigan,0
Wichita State,0
William & Mary,0
Winthrop,0
Wisconsin NCAA,1
Wofford,0
Wright State NCAA,1
Wyoming,0
Xavier,0
Yale,0
Youngstown State,0
